shtpGvYeDO0,"centavos,zapata,emiliano,precio,salazar"
F-JvWXOO2y0,"zapata,discapacidad,emiliano,salazar,bosque"
vzGdEc1qO90,"bosque,aeropuerto,centavos,precio,precios"
p_3VdAoL9Rk,"zapata,emiliano,bosque,helicóptero,salazar"
idf83IkRxV0,"helicóptero,zapata,motores,discapacidad,emiliano"
W7gEbOv5Fac,"centavos,imaginen,anti,mejoría,sentirse"
WGW62oVosXg,"ductos,combustible,ducto,barriles,pipas"
780IpaNeey8,"zapata,discapacidad,emiliano,salazar,bosque"
MuDQFaaGBeQ,"sueldos,zapata,planta,sindicatos,pemex"
IfuJotEx-xY,"bosque,aeropuerto,centavos,precio,precios"
V8xMYYg-0cc,"zapata,discapacidad,emiliano,salazar,bosque"
fa9BjSKYe60,"centavos,embajadores,amigas,clandestinas,heridos"
NniyFJHyzgk,"centavos,imaginen,anti,mejoría,sentirse"
6F-P1P5XOAs,"ductos,combustible,ducto,barriles,pipas"
EcQFqqETvNY,"bosque,aeropuerto,centavos,precio,precios"
QWIm78nfyms,"maestros,normales,escuelas,educación,ductos"
_bvZwXlJmTk,"centavos,imaginen,anti,mejoría,sentirse"
ClcXgwt75vE,"helicóptero,zapata,motores,discapacidad,emiliano"
M2DewIjoxT0,"maestros,normales,escuelas,educación,ductos"
2s6IRoEsbNU,"centavos,zapata,emiliano,precio,salazar"
oO_d2oUgPPM,"centavos,embajadores,amigas,clandestinas,heridos"
R30P2baYQD0,"bosque,aeropuerto,centavos,precio,precios"
8-wAcxMwY_c,"zapata,emiliano,bosque,helicóptero,salazar"
NPyzkyLEDlg,"helicóptero,zapata,motores,discapacidad,emiliano"
nrqRq243dSM,"ductos,combustible,ducto,barriles,pipas"
myfmAlUEfZw,"helicóptero,zapata,motores,discapacidad,emiliano"
1P4H3P27Dg0,"centavos,embajadores,amigas,clandestinas,heridos"
wc4h5YQaWeg,"helicóptero,zapata,motores,discapacidad,emiliano"
17srMJ00WjQ,"sueldos,zapata,planta,sindicatos,pemex"
qp809gnaWaQ,"maestros,normales,escuelas,educación,ductos"
vLSikFZFde4,"centavos,zapata,emiliano,precio,salazar"
0HMYO6pe-u0,"helicóptero,zapata,motores,discapacidad,emiliano"
idp36FJVhgE,"sueldos,zapata,planta,sindicatos,pemex"
F_cu-TD6orQ,"centavos,zapata,emiliano,precio,salazar"
vHZXPILMmLs,"bosque,aeropuerto,centavos,precio,precios"
0DFDBV_nxCY,"zapata,discapacidad,emiliano,salazar,bosque"
QoUzYKkVtr0,"sueldos,zapata,planta,sindicatos,pemex"
L-gc5gwHnKk,"centavos,imaginen,anti,mejoría,sentirse"
LekVPK9VQb8,"zapata,emiliano,bosque,helicóptero,salazar"
ONkFzVHRYeY,"zapata,emiliano,bosque,helicóptero,salazar"
3ZTjVcl5FEQ,"centavos,zapata,emiliano,precio,salazar"
nf7qnF7nKA8,"bosque,aeropuerto,centavos,precio,precios"
RAqxj3p0iUI,"helicóptero,zapata,motores,discapacidad,emiliano"
JXzXCn8H2FM,"zapata,discapacidad,emiliano,salazar,bosque"
IYx5CkkWt-I,"sueldos,zapata,planta,sindicatos,pemex"
hoxXynpBj1g,"centavos,embajadores,amigas,clandestinas,heridos"
ri2By6b2me4,"centavos,zapata,emiliano,precio,salazar"
ChSJ62EjPKI,"centavos,zapata,emiliano,precio,salazar"
ZRYQ0OrniQY,"centavos,zapata,emiliano,precio,salazar"
I08Hx-SCYko,"embajadores,amigas,aplausos,exterior,consulados"
heyhU6wtVhU,"centavos,embajadores,amigas,clandestinas,heridos"
jR3SWpFuXOg,"zapata,discapacidad,emiliano,salazar,bosque"
DztvKEuxJfY,"centavos,embajadores,amigas,clandestinas,heridos"
wCoqHmD_k_A,"sueldos,zapata,planta,sindicatos,pemex"
nTnxCxLXH4I,"helicóptero,zapata,motores,discapacidad,emiliano"
rXVCCZSK5Qw,"zapata,emiliano,bosque,helicóptero,salazar"
aCdms4jjuR8,"bosque,aeropuerto,centavos,precio,precios"
VvEDh0PtUHo,"maestros,normales,escuelas,educación,ductos"
dbhC0hhiHqU,"ductos,combustible,ducto,barriles,pipas"
2vAdxzN-NeY,"zapata,emiliano,bosque,helicóptero,salazar"
oJBX4z4YQ00,"zapata,emiliano,bosque,helicóptero,salazar"
F0H1qceNrVU,"maestros,normales,escuelas,educación,ductos"
zpxIXb6ZNfE,"helicóptero,zapata,motores,discapacidad,emiliano"
CRWJhp3G9dc,"helicóptero,zapata,motores,discapacidad,emiliano"
sKU7D6J-R5E,"centavos,embajadores,amigas,clandestinas,heridos"
jrwuO-a7dcw,"helicóptero,zapata,motores,discapacidad,emiliano"
3FTNeznwEdY,"ductos,combustible,ducto,barriles,pipas"
SSnQGWZtga0,"centavos,embajadores,amigas,clandestinas,heridos"
cpA3h4itrLg,"centavos,embajadores,amigas,clandestinas,heridos"
ZO_6q_qJh_4,"centavos,zapata,emiliano,precio,salazar"
Q00jpsfO0bw,"ductos,combustible,ducto,barriles,pipas"
FwSYDZEkars,"sueldos,zapata,planta,sindicatos,pemex"
ODB700s3t3E,"zapata,emiliano,bosque,helicóptero,salazar"
GhnlC5lomHE,"ductos,combustible,ducto,barriles,pipas"
ZlKvVKTagyI,"centavos,zapata,emiliano,precio,salazar"
13Nh26p8bGA,"ductos,combustible,ducto,barriles,pipas"
WUwnbCRgqEI,"helicóptero,zapata,motores,discapacidad,emiliano"
iO29R-gri3Q,"helicóptero,zapata,motores,discapacidad,emiliano"
_mu6do6pw3Y,"zapata,emiliano,bosque,helicóptero,salazar"
NwL2B708QmI,"maestros,normales,escuelas,educación,ductos"
ZxfpNz_zeUE,"ductos,combustible,ducto,barriles,pipas"
MCUcqKpc5GA,"centavos,embajadores,amigas,clandestinas,heridos"
oec_4aE3_sg,"zapata,emiliano,bosque,helicóptero,salazar"
o1am1O1QU2Q,"maestros,normales,escuelas,educación,ductos"
b-chb0PE_Qk,"centavos,imaginen,anti,mejoría,sentirse"
8v-DIUBeSoM,"sueldos,zapata,planta,sindicatos,pemex"
IxkNLAZDTNw,"maestros,normales,escuelas,educación,ductos"
levTA2wltxo,"ductos,combustible,ducto,barriles,pipas"
XllJaYAiBmg,"bosque,aeropuerto,centavos,precio,precios"
GZwHoJgZIck,"zapata,emiliano,bosque,helicóptero,salazar"
X0azEDiMnnI,"sueldos,zapata,planta,sindicatos,pemex"
zwTZvs_1zM8,"maestros,normales,escuelas,educación,ductos"
S20uET1FKn8,"helicóptero,zapata,motores,discapacidad,emiliano"
6yq3vvmpEUI,"centavos,zapata,emiliano,precio,salazar"
Hw0RWbfAJuU,"maestros,normales,escuelas,educación,ductos"
7FJwQEXRWuQ,"embajadores,amigas,aplausos,exterior,consulados"
tpfQnyZXfsY,"helicóptero,zapata,motores,discapacidad,emiliano"
gF9jNA8CPrs,"centavos,zapata,emiliano,precio,salazar"
JrXwy2VZszI,"bosque,aeropuerto,centavos,precio,precios"
az9PLVnaNKA,"centavos,imaginen,anti,mejoría,sentirse"
v7WIjICFKL0,"centavos,embajadores,amigas,clandestinas,heridos"
WtskUWiOi6Q,"maestros,normales,escuelas,educación,ductos"
XQmNr-1UCOk,"bosque,aeropuerto,centavos,precio,precios"
g4LIxwrTf6s,"centavos,zapata,emiliano,precio,salazar"
RAoesv_RzbA,"centavos,embajadores,amigas,clandestinas,heridos"
JCiy0LlnSCw,"maestros,normales,escuelas,educación,ductos"
HbHJ9ct4Shk,"zapata,discapacidad,emiliano,salazar,bosque"
9MlodK9IC2k,"ductos,combustible,ducto,barriles,pipas"
gNTqp9V4SME,"zapata,emiliano,bosque,helicóptero,salazar"
t29i2JR3Heo,"ductos,combustible,ducto,barriles,pipas"
haeN29-9R-Q,"centavos,imaginen,anti,mejoría,sentirse"
xd0bZFkVYfw,"ductos,combustible,ducto,barriles,pipas"
w3aaQpY13gQ,"zapata,emiliano,bosque,helicóptero,salazar"
ROWkINFPWm4,"helicóptero,zapata,motores,discapacidad,emiliano"
cP5kSCyJWb8,"ductos,combustible,ducto,barriles,pipas"
